laf@ukoah.nc,vCrUhnlc
kijboc@wevkivod.ru,ROILPpeo
zop@op.sh,pVGOxjCp
orraom@cenka.pl,XmWqubiu
wica@hizdi.sz,ZYxBgoca
ta@boihi.tw,FxvQMhWw
jasfu@selvu.gy,dZLAfSHM
fe@dinmov.gu,okTJDArN
vaehe@hiwelo.sd,PIcKdCNC
guzewe@he.tj,kcaUEyEs
ras@pa.vn,DkRaWIph
delzucis@ceravci.ki,IgnsyYyy
ugoja@muj.eu,TpEFuigQ
nunduki@putif.tm,fJlYuecs
hifle@ebusupe.tw,aNxhGyer
do@fikugi.sg,FsNQyQTa
korpakmig@gedrab.pl,TEezTHuk
zoso@nakipje.md,yGpoEEAR
ehuguti@nob.lv,gvzCzarl
ne@poet.nl,cIqeGjHr
lu@jo.gl,rxTHqjtm
zuhgapi@huaboko.io,gXWhqvGs
keha@aku.am,vMmkpyYD
emoda@budhov.fi,xVjeSCKl
lurfej@wam.by,FHfYdmQk
ezse@jem.na,XcOhhJVz
jaufada@givihe.wf,gmTNPfqS
sa@ajife.br,UedKMPkg
wo@nalkamew.rs,mCuVvSdC
um@fofahapi.lu,wAnfaUmA
setare@nuukuud.br,qpSgPDuT
pifol@sisza.cc,UDBuNdLf
amekozan@ekimawaj.zw,cMTIfLzI
hekatat@zuwdozseg.jp,swaPTjdU
mak@hiwapip.md,oiszmkJe
ronodive@juutiriv.sj,ZMAanYmZ
korovuh@rew.al,rOjWYRDr
dezrutbi@ganbav.bf,sWkwFvCD
sajod@ru.ps,nKGCLHFm
zuvro@ilzeti.it,vDNfYpxZ
ufaig@ba.ws,ihfzYdaO
em@fif.mx,HfQwGnwk
pelje@ejegocek.bh,CHKozOfs
duh@zapoila.tc,dqAFErci
upubultek@hesur.pa,nOZdsaOO
usanor@toz.qa,HjFEmcps
leghok@suh.ne,kiugoLqf
housasu@di.nf,gPDsSEZt
dehej@ube.li,BdpEVCwu
fokih@moaga.ca,UvFixKJY
ca@fazfefi.mx,mGVZGdKq
piehu@idofof.mr,IcwIDfUG
kes@kecnosme.lv,TwFUqEGo
de@nezi.kg,WoNZYusw
ke@sa.ag,GirqTWfR
alu@isjiiz.sx,lYRxojrU
buja@zoiha.bm,rTjYHKEr
monpe@tujji.cu,hKbFHTPp
poj@tal.am,AbWtvqJP
to@icisu.mx,bwSJptjo
fendis@vewapda.nr,smQmeEcY
eputuj@rehopku.mn,PNDoFKoG
opi@diojri.dm,cFyCyXYI
iriligseg@teimafec.mg,YgLrBOtD
ujez@li.ie,akkZWwXg
goma@af.gs,XlnrnDov
ibe@tokteed.ve,TrUyaIzZ
wabdoscu@igfimi.bo,ovRzarkT
mewbita@jerofo.bv,ZhCBEFcG
ife@zudokiz.ao,paeHQDeO
adeiphaj@jimuf.rw,VUnuIlFK
viahoku@gul.bj,lbJHxgUp
mod@fazcufwu.sv,uHkCbUOj
wedli@nutbafi.bw,uGLiBavr
ceifewaw@isepa.gg,elTzNsjx
venoh@imu.gi,uHRGSYMP
ev@givog.ci,KhrsXobG
zaperas@gos.bi,UbZLNGeW
egowe@juw.vg,QPOcLVKR
let@sajda.nf,dEoGLjvF
gois@ipeva.tt,GtiTjQEm
li@li.fm,sWnnSFRG
ta@luvkanaj.net,sriMvUXq
jecihpi@ji.bi,IwxbSWfq
iri@zanrabta.mw,pYtXFeQT
ze@venueb.jo,Wgguayrl
mir@na.cf,ptcngEGj
monohsas@zenlumpar.mt,PDntwbpm
merod@pe.km,lCfdpEdC
ibotoam@fa.ms,TAnHsLlD
midi@zozodome.uz,QfOTrCWn
vap@wiveje.yt,vbSOASyb
liba@meikivuh.er,biqImadx
van@vocribut.su,UlncWJAQ
digfek@coc.am,AWVManDr
izu@wima.ck,SFsoPwXU
cerku@jow.bg,NCMPlPWr
bisodku@iw.re,inhhksbF
wesanhuv@iri.hr,rGAWYUIz
ibivewo@ep.sh,zErYiIYM
